<?xml version="1.0" encoding="utf-8"?>
<FDBS Version="16"><Manager UpdatesRegistry="True"><TableList><Table Name="FDMemTable1" SourceName="FDMemTable1" TabID="0" EnforceConstraints="False" MinimumCapacity="50" CheckNotNull="False"><ColumnList><Column Name="local" SourceName="local" SourceID="1" DataType="AnsiString" Size="100" Searchable="True" AllowNull="True" Base="True" OAllowNull="True" OInUpdate="True" OInWhere="True" OriginColName="local" SourceSize="100"/><Column Name="endereco" SourceName="endereco" SourceID="2" DataType="AnsiString" Size="100" Searchable="True" AllowNull="True" Base="True" OAllowNull="True" OInUpdate="True" OInWhere="True" OriginColName="endereco" SourceSize="100"/><Column Name="bairro" SourceName="bairro" SourceID="3" DataType="AnsiString" Size="50" Searchable="True" AllowNull="True" Base="True" OAllowNull="True" OInUpdate="True" OInWhere="True" OriginColName="bairro" SourceSize="50"/><Column Name="cidade" SourceName="cidade" SourceID="4" DataType="AnsiString" Size="30" Searchable="True" AllowNull="True" Base="True" OAllowNull="True" OInUpdate="True" OInWhere="True" OriginColName="cidade" SourceSize="30"/><Column Name="uf" SourceName="uf" SourceID="5" DataType="AnsiString" Size="2" Searchable="True" AllowNull="True" Base="True" OAllowNull="True" OInUpdate="True" OInWhere="True" OriginColName="uf" SourceSize="2"/><Column Name="pais" SourceName="pais" SourceID="6" DataType="AnsiString" Size="50" Searchable="True" AllowNull="True" Base="True" OAllowNull="True" OInUpdate="True" OInWhere="True" OriginColName="pais" SourceSize="50"/><Column Name="peso" SourceName="peso" SourceID="7" DataType="Int32" Searchable="True" AllowNull="True" Base="True" OAllowNull="True" OInUpdate="True" OInWhere="True" OriginColName="peso"/></ColumnList><ConstraintList/><ViewList/><RowList><Row RowID="0"><Original local="Perfil Gesso" bairro="Parque 10" cidade="MANAUS" uf="AM" pais="BRASIL" peso="1"/></Row><Row RowID="1" RowPriorState="Unchanged"><Original endereco="Rua Itacoatiara,221" bairro="Cachoeirinha" cidade="MANAUS" uf="AM" pais="BRASIL" peso="2"/></Row><Row RowID="2"><Original local="Casa das Correias" endereco="Autaz Mirim" cidade="MANAUS" uf="AM" pais="BRASIL" peso="3"/></Row><Row RowID="3"><Original local="Perfil Gesso" bairro="Parque 10" cidade="MANAUS" uf="AM" pais="BRASIL" peso="4"/></Row></RowList></Table></TableList><RelationList/><UpdatesJournal SavePoint="5"><Changes/></UpdatesJournal></Manager></FDBS>
